[{"model": "contenttypes.contenttype", "pk": 1, "fields": {"app_label": "auth", "model": "permission"}}, {"model": "contenttypes.contenttype", "pk": 2, "fields": {"app_label": "auth", "model": "group"}}, {"model": "contenttypes.contenttype", "pk": 3, "fields": {"app_label": "contenttypes", "model": "contenttype"}}, {"model": "contenttypes.contenttype", "pk": 4, "fields": {"app_label": "User", "model": "bio"}}, {"model": "contenttypes.contenttype", "pk": 5, "fields": {"app_label": "User", "model": "customuser"}}, {"model": "contenttypes.contenttype", "pk": 6, "fields": {"app_label": "admin", "model": "logentry"}}, {"model": "contenttypes.contenttype", "pk": 7, "fields": {"app_label": "sessions", "model": "session"}}, {"model": "contenttypes.contenttype", "pk": 8, "fields": {"app_label": "authtoken", "model": "token"}}, {"model": "contenttypes.contenttype", "pk": 9, "fields": {"app_label": "Post", "model": "dislikepost"}}, {"model": "contenttypes.contenttype", "pk": 10, "fields": {"app_label": "Post", "model": "reactions"}}, {"model": "contenttypes.contenttype", "pk": 11, "fields": {"app_label": "Post", "model": "likepost"}}, {"model": "auth.permission", "pk": 1, "fields": {"name": "Can add permission", "content_type": 1, "codename": "add_permission"}}, {"model": "auth.permission", "pk": 2, "fields": {"name": "Can change permission", "content_type": 1, "codename": "change_permission"}}, {"model": "auth.permission", "pk": 3, "fields": {"name": "Can delete permission", "content_type": 1, "codename": "delete_permission"}}, {"model": "auth.permission", "pk": 4, "fields": {"name": "Can add group", "content_type": 2, "codename": "add_group"}}, {"model": "auth.permission", "pk": 5, "fields": {"name": "Can change group", "content_type": 2, "codename": "change_group"}}, {"model": "auth.permission", "pk": 6, "fields": {"name": "Can delete group", "content_type": 2, "codename": "delete_group"}}, {"model": "auth.permission", "pk": 7, "fields": {"name": "Can add content type", "content_type": 3, "codename": "add_contenttype"}}, {"model": "auth.permission", "pk": 8, "fields": {"name": "Can change content type", "content_type": 3, "codename": "change_contenttype"}}, {"model": "auth.permission", "pk": 9, "fields": {"name": "Can delete content type", "content_type": 3, "codename": "delete_contenttype"}}, {"model": "auth.permission", "pk": 10, "fields": {"name": "Can add bio", "content_type": 4, "codename": "add_bio"}}, {"model": "auth.permission", "pk": 11, "fields": {"name": "Can change bio", "content_type": 4, "codename": "change_bio"}}, {"model": "auth.permission", "pk": 12, "fields": {"name": "Can delete bio", "content_type": 4, "codename": "delete_bio"}}, {"model": "auth.permission", "pk": 13, "fields": {"name": "Can add user", "content_type": 5, "codename": "add_customuser"}}, {"model": "auth.permission", "pk": 14, "fields": {"name": "Can change user", "content_type": 5, "codename": "change_customuser"}}, {"model": "auth.permission", "pk": 15, "fields": {"name": "Can delete user", "content_type": 5, "codename": "delete_customuser"}}, {"model": "auth.permission", "pk": 16, "fields": {"name": "Can add log entry", "content_type": 6, "codename": "add_logentry"}}, {"model": "auth.permission", "pk": 17, "fields": {"name": "Can change log entry", "content_type": 6, "codename": "change_logentry"}}, {"model": "auth.permission", "pk": 18, "fields": {"name": "Can delete log entry", "content_type": 6, "codename": "delete_logentry"}}, {"model": "auth.permission", "pk": 19, "fields": {"name": "Can add session", "content_type": 7, "codename": "add_session"}}, {"model": "auth.permission", "pk": 20, "fields": {"name": "Can change session", "content_type": 7, "codename": "change_session"}}, {"model": "auth.permission", "pk": 21, "fields": {"name": "Can delete session", "content_type": 7, "codename": "delete_session"}}, {"model": "auth.permission", "pk": 22, "fields": {"name": "Can add Token", "content_type": 8, "codename": "add_token"}}, {"model": "auth.permission", "pk": 23, "fields": {"name": "Can change Token", "content_type": 8, "codename": "change_token"}}, {"model": "auth.permission", "pk": 24, "fields": {"name": "Can delete Token", "content_type": 8, "codename": "delete_token"}}, {"model": "auth.permission", "pk": 25, "fields": {"name": "Can add dislike post", "content_type": 9, "codename": "add_dislikepost"}}, {"model": "auth.permission", "pk": 26, "fields": {"name": "Can change dislike post", "content_type": 9, "codename": "change_dislikepost"}}, {"model": "auth.permission", "pk": 27, "fields": {"name": "Can delete dislike post", "content_type": 9, "codename": "delete_dislikepost"}}, {"model": "auth.permission", "pk": 28, "fields": {"name": "Can add reactions", "content_type": 10, "codename": "add_reactions"}}, {"model": "auth.permission", "pk": 29, "fields": {"name": "Can change reactions", "content_type": 10, "codename": "change_reactions"}}, {"model": "auth.permission", "pk": 30, "fields": {"name": "Can delete reactions", "content_type": 10, "codename": "delete_reactions"}}, {"model": "auth.permission", "pk": 31, "fields": {"name": "Can add like post", "content_type": 11, "codename": "add_likepost"}}, {"model": "auth.permission", "pk": 32, "fields": {"name": "Can change like post", "content_type": 11, "codename": "change_likepost"}}, {"model": "auth.permission", "pk": 33, "fields": {"name": "Can delete like post", "content_type": 11, "codename": "delete_likepost"}}, {"model": "User.customuser", "pk": 1, "fields": {"password": "pbkdf2_sha256$36000$6VYkJJ9iXYHi$Aw99wyBeR+6BToYT9zspbh9B+9oTBSMDFaaQlIzIuyA=", "last_login": null, "is_superuser": false, "username": "@james123", "first_name": "james", "last_name": "fraser", "email": "james@gmail.com", "is_staff": false, "is_active": true, "date_joined": "2021-04-26T09:48:12.590Z", "date_of_birth": "1998-07-30", "gender": "M", "terms_confirmed": true, "groups": [], "user_permissions": []}}, {"model": "User.customuser", "pk": 2, "fields": {"password": "pbkdf2_sha256$36000$S6FPERARkSrQ$18shlyEACxtmcGFdGr5vHnexLGafzMVSHnEUcIRbW/s=", "last_login": null, "is_superuser": false, "username": "@claire123", "first_name": "claire", "last_name": "fraser", "email": "claire@gmail.com", "is_staff": false, "is_active": true, "date_joined": "2021-05-25T05:32:28.351Z", "date_of_birth": "2013-01-01", "gender": "F", "terms_confirmed": true, "groups": [], "user_permissions": []}}, {"model": "User.customuser", "pk": 3, "fields": {"password": "pbkdf2_sha256$36000$dS0BSFHMJOwW$k0yxX3rcfsTElmTO4APNXtPWArEVhZsewu79Q143lMs=", "last_login": null, "is_superuser": false, "username": "@devi123", "first_name": "devi", "last_name": "lex", "email": "devi@gmail.com", "is_staff": false, "is_active": true, "date_joined": "2021-05-25T05:45:09.398Z", "date_of_birth": "2013-01-01", "gender": "F", "terms_confirmed": true, "groups": [], "user_permissions": []}}, {"model": "User.customuser", "pk": 4, "fields": {"password": "pbkdf2_sha256$36000$eOdiQc6NhT1V$39cpo3zEHDynntVbKNn+9oHPb9U4bbxFY2WmDgNUBxw=", "last_login": null, "is_superuser": false, "username": "@adela123", "first_name": "adela", "last_name": "moh", "email": "adela@gmail.com", "is_staff": false, "is_active": true, "date_joined": "2021-05-25T06:56:47.992Z", "date_of_birth": "2002-01-01", "gender": "F", "terms_confirmed": true, "groups": [], "user_permissions": []}}, {"model": "User.customuser", "pk": 5, "fields": {"password": "pbkdf2_sha256$36000$rXuiT0mZina6$vkWPaRfwQw+I1oxEvgv5l8bIz3luu0qr2KGpdEtUVmQ=", "last_login": null, "is_superuser": false, "username": "@kat123", "first_name": "kat", "last_name": "hom", "email": "kat@gmail.com", "is_staff": false, "is_active": true, "date_joined": "2021-05-25T07:04:16.144Z", "date_of_birth": "2007-01-01", "gender": "F", "terms_confirmed": true, "groups": [], "user_permissions": []}}, {"model": "User.bio", "pk": 2, "fields": {"user": 2, "phone_number": "2309145638", "country": "Afghanistan", "city": "Kabul", "website": "", "me": "they are my details", "like": "I like everything", "dislike": "I dislike little things.", "photo_url": ""}}, {"model": "User.bio", "pk": 3, "fields": {"user": 3, "phone_number": "6732091678", "country": "Algeria", "city": "Algiers", "website": "", "me": "what should i talk about me", "like": "what to do", "dislike": "this is dissappointing", "photo_url": ""}}, {"model": "User.bio", "pk": 4, "fields": {"user": 4, "phone_number": "5109267430", "country": "Burundi", "city": "Gitega", "website": "", "me": "you should love yourself.", "like": "I like swimming", "dislike": "staying home", "photo_url": ""}}, {"model": "User.bio", "pk": 5, "fields": {"user": 5, "phone_number": "9027843590", "country": "Cape Verde", "city": "Praia", "website": "", "me": "go do something", "like": "ancient art", "dislike": "travelling", "photo_url": ""}}, {"model": "Post.likepost", "pk": 1, "fields": {"user": 1, "content": "this is like post", "photo": null, "video": null, "gif": null, "file": null, "why_content": "bcoz it is soothing"}}, {"model": "Post.likepost", "pk": 2, "fields": {"user": 2, "content": "Way to get started is to quit talking and start working.", "photo": null, "video": null, "gif": null, "file": null, "why_content": "yeah, it is motivational."}}, {"model": "Post.likepost", "pk": 3, "fields": {"user": 5, "content": "it's not whether you knocked down, it's whether you get up.", "photo": null, "video": null, "gif": null, "file": null, "why_content": "yeah, it is liked one."}}, {"model": "Post.likepost", "pk": 4, "fields": {"user": 2, "content": "take a leap of faith.", "photo": null, "video": null, "gif": null, "file": null, "why_content": "liked one content"}}, {"model": "Post.dislikepost", "pk": 1, "fields": {"user": 1, "content": "this is post i dislike", "photo": null, "video": null, "gif": null, "file": null, "why_content": "It is not of my taste."}}, {"model": "Post.dislikepost", "pk": 2, "fields": {"user": 3, "content": "Believe in yourself.", "photo": null, "video": null, "gif": null, "file": null, "why_content": "it is disliked post content."}}, {"model": "Post.dislikepost", "pk": 3, "fields": {"user": 4, "content": "you will learn more from failures than success.", "photo": null, "video": null, "gif": null, "file": null, "why_content": "it is disliked."}}, {"model": "Post.reactions", "pk": 1, "fields": {"users": 2, "like_post": 1, "dislike_post": null, "like": 0, "favorite": 1, "dislike": 0, "share": 0, "seen": 0, "comment": "0"}}, {"model": "Post.reactions", "pk": 2, "fields": {"users": 3, "like_post": 1, "dislike_post": null, "like": 0, "favorite": 1, "dislike": 0, "share": 0, "seen": 0, "comment": "0"}}, {"model": "Post.reactions", "pk": 3, "fields": {"users": 5, "like_post": 1, "dislike_post": null, "like": 0, "favorite": 1, "dislike": 0, "share": 0, "seen": 0, "comment": "0"}}, {"model": "Post.reactions", "pk": 4, "fields": {"users": 5, "like_post": 1, "dislike_post": null, "like": 1, "favorite": 0, "dislike": 0, "share": 0, "seen": 0, "comment": "0"}}, {"model": "Post.reactions", "pk": 5, "fields": {"users": 2, "like_post": null, "dislike_post": 1, "like": 0, "favorite": 0, "dislike": 1, "share": 0, "seen": 0, "comment": "0"}}, {"model": "Post.reactions", "pk": 6, "fields": {"users": 2, "like_post": null, "dislike_post": 1, "like": 0, "favorite": 0, "dislike": 0, "share": 1, "seen": 0, "comment": "0"}}, {"model": "Post.reactions", "pk": 7, "fields": {"users": 2, "like_post": null, "dislike_post": 1, "like": 0, "favorite": 0, "dislike": 0, "share": 1, "seen": 0, "comment": "0"}}, {"model": "Post.reactions", "pk": 8, "fields": {"users": 2, "like_post": null, "dislike_post": 1, "like": 0, "favorite": 0, "dislike": 0, "share": 0, "seen": 1, "comment": "0"}}, {"model": "Post.reactions", "pk": 9, "fields": {"users": 3, "like_post": null, "dislike_post": 1, "like": 0, "favorite": 0, "dislike": 0, "share": 0, "seen": 0, "comment": "1"}}, {"model": "Post.reactions", "pk": 10, "fields": {"users": 5, "like_post": 2, "dislike_post": null, "like": 0, "favorite": 1, "dislike": 0, "share": 0, "seen": 0, "comment": "0"}}, {"model": "Post.reactions", "pk": 11, "fields": {"users": 3, "like_post": 1, "dislike_post": null, "like": 1, "favorite": 0, "dislike": 0, "share": 0, "seen": 0, "comment": "0"}}, {"model": "Post.reactions", "pk": 12, "fields": {"users": 2, "like_post": null, "dislike_post": 2, "like": 0, "favorite": 0, "dislike": 0, "share": 1, "seen": 0, "comment": "0"}}, {"model": "Post.reactions", "pk": 13, "fields": {"users": 2, "like_post": null, "dislike_post": 2, "like": 0, "favorite": 0, "dislike": 0, "share": 0, "seen": 1, "comment": "0"}}, {"model": "Post.reactions", "pk": 14, "fields": {"users": 3, "like_post": null, "dislike_post": 2, "like": 0, "favorite": 0, "dislike": 0, "share": 0, "seen": 1, "comment": "0"}}, {"model": "Post.reactions", "pk": 15, "fields": {"users": 4, "like_post": null, "dislike_post": 1, "like": 0, "favorite": 0, "dislike": 0, "share": 0, "seen": 0, "comment": "1"}}, {"model": "Post.reactions", "pk": 16, "fields": {"users": 4, "like_post": null, "dislike_post": 2, "like": 0, "favorite": 0, "dislike": 0, "share": 0, "seen": 0, "comment": "1"}}, {"model": "Post.reactions", "pk": 17, "fields": {"users": 2, "like_post": 1, "dislike_post": null, "like": 1, "favorite": 0, "dislike": 0, "share": 0, "seen": 0, "comment": "0"}}, {"model": "Post.reactions", "pk": 18, "fields": {"users": 2, "like_post": 2, "dislike_post": null, "like": 1, "favorite": 0, "dislike": 0, "share": 0, "seen": 0, "comment": "0"}}, {"model": "Post.reactions", "pk": 19, "fields": {"users": 2, "like_post": 3, "dislike_post": null, "like": 1, "favorite": 0, "dislike": 0, "share": 0, "seen": 0, "comment": "0"}}, {"model": "Post.reactions", "pk": 20, "fields": {"users": 2, "like_post": 4, "dislike_post": null, "like": 1, "favorite": 0, "dislike": 0, "share": 0, "seen": 0, "comment": "0"}}, {"model": "Post.reactions", "pk": 21, "fields": {"users": 3, "like_post": 2, "dislike_post": null, "like": 0, "favorite": 1, "dislike": 0, "share": 0, "seen": 0, "comment": "0"}}, {"model": "authtoken.token", "pk": "3550e4d9015ceb43d9853c3f43a9b5db956070bf", "fields": {"user": 4, "created": "2021-05-25T07:31:31.916Z"}}, {"model": "authtoken.token", "pk": "500f55edd5fd0123f18b0707d8e6ec9fb9d9404d", "fields": {"user": 1, "created": "2021-05-25T07:18:27.859Z"}}, {"model": "authtoken.token", "pk": "6dad47db8113d90792391a08b2eea8b9c1e02c72", "fields": {"user": 5, "created": "2021-05-25T07:32:14.399Z"}}, {"model": "authtoken.token", "pk": "ade0c5a01c360dabd6eefa74297dd259dc5e9e79", "fields": {"user": 2, "created": "2021-05-25T07:21:27.893Z"}}, {"model": "authtoken.token", "pk": "c77e54d5414f4aebc3d5b1ce395ea051ad5d3897", "fields": {"user": 3, "created": "2021-05-25T07:30:45.711Z"}}]